K,Question,Latency,Sources,Answer
1,What is retrieval augmented generation?,0.38,article_state-of-rag-genai.txt,"Retrieval Augmented Generation (RAG) offers a powerful approach for deploying accurate, reliable, and up-to-date information, enabling enterprises to build systems that are intelligent, compliant, secure, and scalable."
1,What is a vector database?,0.26,wiki_vector_database.txt,A vector database is a database that stores and retrieves embeddings of data in vector space.
1,What is prompt engineering?,0.38,wiki_prompt_engineering.txt,"Insufficient information. The context does not provide a direct definition of prompt engineering, but rather describes its application, importance, and the job market for prompt engineers."
1,How do transformers use attention?,0.23,wiki_attention_(machine_learning).txt,Insufficient information.
1,What is a large language model?,0.26,wiki_prompt_engineering.txt,Insufficient information.
1,What are the benefits of RAG?,0.29,article_retrieval-augmented-generation.txt,"The benefits of RAG are: 
1. Access to fresh information 
2. Factual grounding."
1,What are open source RAG frameworks?,0.24,article_best-open-source-rag-frameworks.txt,Insufficient information.
1,What is deep learning?,0.3,wiki_deep_learning.txt,"Deep learning (DL) is a subset of machine learning that utilizes multilayered neural networks to perform tasks such as classification, regression, and representation learning."
1,What is artificial intelligence?,0.26,wiki_artificial_intelligence.txt,"Artificial intelligence (AI) is the capability of computational systems to perform tasks typically associated with human intelligence, such as learning, reasoning, problem-solving, perception, and decision-making."
1,How does Top K retrieval work?,0.23,wiki_retrieval-augmented_generation.txt,Insufficient information.
3,What is retrieval augmented generation?,0.39,"article_state-of-rag-genai.txt, article_state-of-rag-genai.txt, article_retrieval-augmented-generation.txt","Retrieval-Augmented Generation (RAG) is an AI framework that combines the strengths of traditional information retrieval systems with the capabilities of generative large language models (LLMs), providing more accurate, up-to-date, and relevant generation grounded in real-time, curated, proprietary information."
3,What is a vector database?,0.37,"wiki_vector_database.txt, wiki_vector_database.txt, wiki_vector_database.txt","A vector database is a database that stores and retrieves embeddings of data in vector space, implementing approximate nearest neighbor algorithms to search for records semantically similar to a given input."
3,What is prompt engineering?,0.34,"wiki_prompt_engineering.txt, wiki_prompt_engineering.txt, wiki_prompt_engineering.txt","The action or process of formulating and refining prompts for an artificial intelligence program, algorithm, etc., in order to optimize its output or to achieve a desired outcome; the discipline or profession concerned with this."
3,How do transformers use attention?,0.36,"wiki_attention_(machine_learning).txt, wiki_attention_(machine_learning).txt, wiki_transformer_(deep_learning_architecture).txt","Transformers use attention by enabling the model to capture global dependencies, where each element in the input sequence attends to all others. This is achieved through an attention mechanism, which is a central part of the Transformer architecture, replacing recurrence with attention mechanisms."
3,What is a large language model?,0.37,"wiki_prompt_engineering.txt, wiki_large_language_model.txt, wiki_large_language_model.txt","A large language model (LLM) is a neural network trained on a vast amount of text for natural language processing tasks, especially language generation. LLMs can generate, summarize, translate and parse text in many contexts, and are a foundational technology behind modern chatbots."
3,What are the benefits of RAG?,0.49,"article_retrieval-augmented-generation.txt, article_building-rag-aspnet-core.txt, wiki_retrieval-augmented_generation.txt","The benefits of RAG include: 
1. Access to fresh information, 
2. Factual grounding, 
3. Reduction of AI hallucinations, 
4. Reduced need to retrain LLMs with new data, 
5. Savings on computational and financial costs, 
6. Greater transparency, as users can verify cited sources."
3,What are open source RAG frameworks?,0.47,"article_best-open-source-rag-frameworks.txt, article_best-open-source-rag-frameworks.txt, article_best-open-source-rag-frameworks.txt","Insufficient information. The context does not provide a comprehensive list of open-source RAG frameworks. It mentions several frameworks such as LangChain, Dify, LlamaIndex, txtai, Milvus, Ragatouille, and FlashRAG, but it does not explicitly state that they are all open-source."
3,What is deep learning?,0.39,"wiki_deep_learning.txt, wiki_deep_learning.txt, wiki_deep_learning.txt","Deep learning (DL) is a field in machine learning that focuses on utilizing multilayered neural networks to perform tasks such as classification, regression, and representation learning, where the adjective ""deep"" refers to the use of multiple layers in the network."
3,What is artificial intelligence?,0.33,"wiki_artificial_intelligence.txt, wiki_artificial_intelligence.txt, wiki_artificial_intelligence.txt","Artificial intelligence (AI) is the capability of computational systems to perform tasks typically associated with human intelligence, such as learning, reasoning, problem-solving, perception, and decision-making."
3,How does Top K retrieval work?,0.38,"wiki_retrieval-augmented_generation.txt, wiki_retrieval-augmented_generation.txt, article_best-open-source-rag-frameworks.txt","Insufficient information. The context mentions ""retrieving the top-k vectors for a given prompt"" but does not provide a detailed explanation of how Top K retrieval works."
5,What is retrieval augmented generation?,0.44,"article_state-of-rag-genai.txt, article_state-of-rag-genai.txt, article_retrieval-augmented-generation.txt, wiki_retrieval-augmented_generation.txt, wiki_large_language_model.txt","Retrieval-Augmented Generation (RAG) is an AI framework that combines the strengths of traditional information retrieval systems with the capabilities of generative large language models (LLMs), allowing for more accurate, up-to-date, and relevant generation by incorporating new information from external data sources."
5,What is a vector database?,0.38,"wiki_vector_database.txt, wiki_vector_database.txt, wiki_vector_database.txt, wiki_vector_database.txt, article_state-of-rag-genai.txt","A vector database is a database that stores and retrieves embeddings of data in vector space, implementing approximate nearest neighbor algorithms to search for records semantically similar to a given input."
5,What is prompt engineering?,0.52,"wiki_prompt_engineering.txt, wiki_prompt_engineering.txt, wiki_prompt_engineering.txt, wiki_prompt_engineering.txt, wiki_prompt_engineering.txt","Prompt engineering is the process of structuring natural language inputs (known as prompts) to produce specified outputs from a generative artificial intelligence (GenAI) model. It can also be defined as the practice of designing and refining input instructions given to a generative AI model to produce more accurate, relevant, or useful outputs. According to the Oxford English Dictionary, it is ""The action or process of formulating and refining prompts for an artificial intelligence program, algorithm, etc., in order to optimize its output or to achieve a desired outcome; the discipline or profession concerned with this."""
5,How do transformers use attention?,0.59,"wiki_attention_(machine_learning).txt, wiki_attention_(machine_learning).txt, wiki_transformer_(deep_learning_architecture).txt, wiki_transformer_(deep_learning_architecture).txt, wiki_transformer_(deep_learning_architecture).txt","Transformers use attention by enabling the model to capture global dependencies, where each element in the input sequence attends to all others. This is achieved through self-attention mechanisms, which allow the model to weigh the importance of different tokens and ""mix"" information among them. The outputs of the attention layer are then concatenated and passed into feed-forward neural network layers for further processing. Additionally, transformers use multiple attention heads to encode relevance relations and capture complex dependencies in parallel."
5,What is a large language model?,0.37,"wiki_prompt_engineering.txt, wiki_large_language_model.txt, wiki_large_language_model.txt, wiki_large_language_model.txt, wiki_large_language_model.txt","A large language model (LLM) is a neural network trained on a vast amount of text for natural language processing tasks, especially language generation. LLMs can generate, summarize, translate and parse text in many contexts, and are a foundational technology behind modern chatbots."
5,What are the benefits of RAG?,0.53,"article_retrieval-augmented-generation.txt, article_building-rag-aspnet-core.txt, wiki_retrieval-augmented_generation.txt, article_best-open-source-rag-frameworks.txt, article_best-open-source-rag-frameworks.txt","The benefits of RAG include: 
1. Access to fresh information, 
2. Factual grounding, 
3. Reduction of AI hallucinations, 
4. Reduced need to retrain LLMs with new data, 
5. Ability to include sources in responses for transparency and verification, 
6. Improved accuracy, and 
7. Efficiency gains."
5,What are open source RAG frameworks?,0.29,"article_best-open-source-rag-frameworks.txt, article_best-open-source-rag-frameworks.txt, article_best-open-source-rag-frameworks.txt, article_best-open-source-rag-frameworks.txt, article_best-open-source-rag-frameworks.txt",Insufficient information.
5,What is deep learning?,0.37,"wiki_deep_learning.txt, wiki_deep_learning.txt, wiki_deep_learning.txt, wiki_artificial_intelligence.txt, wiki_deep_learning.txt","Deep learning refers to a class of machine learning algorithms in which a hierarchy of layers is used to transform input data into a progressively more abstract and composite representation. It focuses on utilizing multilayered neural networks to perform tasks such as classification, regression, and representation learning."
5,What is artificial intelligence?,0.33,"wiki_artificial_intelligence.txt, wiki_artificial_intelligence.txt, wiki_artificial_intelligence.txt, wiki_artificial_intelligence.txt, wiki_artificial_intelligence.txt","Artificial intelligence (AI) is the capability of computational systems to perform tasks typically associated with human intelligence, such as learning, reasoning, problem-solving, perception, and decision-making."
5,How does Top K retrieval work?,0.35,"wiki_retrieval-augmented_generation.txt, wiki_retrieval-augmented_generation.txt, article_best-open-source-rag-frameworks.txt, wiki_transformer_(deep_learning_architecture).txt, wiki_retrieval-augmented_generation.txt","Insufficient information. The context mentions ""retrieving the top-k vectors for a given prompt"" but does not provide a detailed explanation of how Top K retrieval works."
10,What is retrieval augmented generation?,3.69,"article_state-of-rag-genai.txt, article_state-of-rag-genai.txt, article_retrieval-augmented-generation.txt, wiki_retrieval-augmented_generation.txt, wiki_large_language_model.txt, wiki_vector_database.txt, article_state-of-rag-genai.txt, article_best-open-source-rag-frameworks.txt, wiki_retrieval-augmented_generation.txt, wiki_retrieval-augmented_generation.txt","Retrieval-augmented generation (RAG) is an AI framework that combines the strengths of traditional information retrieval systems with the capabilities of generative large language models (LLMs). It enables large language models to retrieve and incorporate new information from external data sources, allowing for more accurate, up-to-date, and relevant generation. RAG integrates LLMs with document retrieval systems, where a document retriever retrieves the most relevant documents based on a query, and the LLM generates an output based on both the query and context included from the retrieved documents."
10,What is a vector database?,7.49,"wiki_vector_database.txt, wiki_vector_database.txt, wiki_vector_database.txt, wiki_vector_database.txt, article_state-of-rag-genai.txt, article_building-rag-aspnet-core.txt, article_retrieval-augmented-generation.txt, wiki_vector_database.txt, article_best-open-source-rag-frameworks.txt, wiki_artificial_intelligence.txt","A vector database is a database that stores and retrieves embeddings of data in vector space, allowing for approximate nearest neighbor algorithms to search for records semantically similar to a given input."
10,What is prompt engineering?,6.53,"wiki_prompt_engineering.txt, wiki_prompt_engineering.txt, wiki_prompt_engineering.txt, wiki_prompt_engineering.txt, wiki_prompt_engineering.txt, wiki_prompt_engineering.txt, wiki_prompt_engineering.txt, wiki_prompt_engineering.txt, wiki_prompt_engineering.txt, wiki_prompt_engineering.txt","Prompt engineering is the process of structuring natural language inputs (known as prompts) to produce specified outputs from a generative artificial intelligence (GenAI) model. It is the practice of designing and refining input instructions given to a generative AI model to produce more accurate, relevant, or useful outputs. According to the Oxford English Dictionary, it is ""The action or process of formulating and refining prompts for an artificial intelligence program, algorithm, etc., in order to optimize its output or to achieve a desired outcome; the discipline or profession concerned with this."""
10,How do transformers use attention?,6.23,"wiki_attention_(machine_learning).txt, wiki_attention_(machine_learning).txt, wiki_transformer_(deep_learning_architecture).txt, wiki_transformer_(deep_learning_architecture).txt, wiki_transformer_(deep_learning_architecture).txt, wiki_transformer_(deep_learning_architecture).txt, wiki_attention_(machine_learning).txt, wiki_transformer_(deep_learning_architecture).txt, wiki_attention_(machine_learning).txt, wiki_transformer_(deep_learning_architecture).txt","Transformers use attention as a basis to enable the model to capture global dependencies. They have an attention mechanism that allows each element in the input sequence to attend to all others. This is done through scaled dot-product attention units, which learn three weight matrices: query weights, key weights, and value weights. The attention mechanism is used in both the encoder and decoder layers, and it allows the model to capture complex and long-range dependencies. The outputs of the attention layer are concatenated and passed into the feed-forward neural network layers."
10,What is a large language model?,6.79,"wiki_prompt_engineering.txt, wiki_large_language_model.txt, wiki_large_language_model.txt, wiki_large_language_model.txt, wiki_large_language_model.txt, wiki_artificial_intelligence.txt, wiki_large_language_model.txt, wiki_large_language_model.txt, wiki_large_language_model.txt, wiki_large_language_model.txt","A large language model (LLM) is a neural network trained on a vast amount of text for natural language processing tasks, especially language generation. LLMs can generate, summarize, translate and parse text in many contexts, and are a foundational technology behind modern chatbots."
10,What are the benefits of RAG?,6.63,"article_retrieval-augmented-generation.txt, article_building-rag-aspnet-core.txt, wiki_retrieval-augmented_generation.txt, article_best-open-source-rag-frameworks.txt, article_best-open-source-rag-frameworks.txt, article_building-rag-aspnet-core.txt, article_state-of-rag-genai.txt, article_state-of-rag-genai.txt, article_best-open-source-rag-frameworks.txt, article_best-open-source-rag-frameworks.txt","The benefits of RAG include: 
1. Access to fresh information, 
2. Factual grounding, 
3. Reduction of AI hallucinations, 
4. Reduced need to retrain LLMs with new data, 
5. Ability to include sources in responses for transparency and verification."
10,What are open source RAG frameworks?,6.45,"article_best-open-source-rag-frameworks.txt, article_best-open-source-rag-frameworks.txt, article_best-open-source-rag-frameworks.txt, article_best-open-source-rag-frameworks.txt, article_best-open-source-rag-frameworks.txt, article_best-open-source-rag-frameworks.txt, article_building-rag-aspnet-core.txt, article_best-open-source-rag-frameworks.txt, article_best-open-source-rag-frameworks.txt, article_best-open-source-rag-frameworks.txt","LangChain, Dify, LlamaIndex, txtai, Milvus, Ragatouille, FlashRAG, RAGAS, LLMWare, LightRAG, Haystack, and R2R are some of the open-source RAG frameworks mentioned."
10,What is deep learning?,6.14,"wiki_deep_learning.txt, wiki_deep_learning.txt, wiki_deep_learning.txt, wiki_artificial_intelligence.txt, wiki_deep_learning.txt, wiki_deep_learning.txt, wiki_deep_learning.txt, wiki_artificial_intelligence.txt, wiki_deep_learning.txt, wiki_deep_learning.txt","Deep learning refers to a class of machine learning algorithms in which a hierarchy of layers is used to transform input data into a progressively more abstract and composite representation. It utilizes multilayered neural networks to perform tasks such as classification, regression, and representation learning, and can be applied to supervised, semi-supervised, or unsupervised learning tasks."
10,What is artificial intelligence?,5.99,"wiki_artificial_intelligence.txt, wiki_artificial_intelligence.txt, wiki_artificial_intelligence.txt, wiki_artificial_intelligence.txt, wiki_artificial_intelligence.txt, wiki_artificial_intelligence.txt, wiki_artificial_intelligence.txt, wiki_artificial_intelligence.txt, wiki_artificial_intelligence.txt, wiki_artificial_intelligence.txt","Artificial intelligence (AI) is the capability of computational systems to perform tasks typically associated with human intelligence, such as learning, reasoning, problem-solving, perception, and decision-making."
10,How does Top K retrieval work?,6.36,"wiki_retrieval-augmented_generation.txt, wiki_retrieval-augmented_generation.txt, article_best-open-source-rag-frameworks.txt, wiki_transformer_(deep_learning_architecture).txt, wiki_retrieval-augmented_generation.txt, wiki_transformer_(deep_learning_architecture).txt, wiki_attention_(machine_learning).txt, wiki_transformer_(deep_learning_architecture).txt, article_state-of-rag-genai.txt, wiki_transformer_(deep_learning_architecture).txt","Top-k retrieval involves retrieving the top-k vectors for a given prompt, scoring the generated response’s perplexity, and minimizing KL divergence between the retriever’s selections and the model’s likelihoods to refine retrieval."
